Movie Name,Movie ID,Movie Year,Director,Cinematographer,Cast,Aspect ratio,Poster,Stills,Stills compressed,Slider rows
Barry Lyndon,3175,,,,,1.65/1,,https://i.imgur.com/GgheFnS.png|https://i.imgur.com/bS8D9FB.png|https://i.imgur.com/HXtScbO.png|https://i.imgur.com/P8VvCDR.png|https://i.imgur.com/tVhLTHZ.png|https://i.imgur.com/W9UTjKi.png|https://i.imgur.com/ERpSWZO.png|https://i.imgur.com/IzgcPEk.png|https://i.imgur.com/68wGdEw.png|https://i.imgur.com/F6C7NWD.png|https://i.imgur.com/6nPVKLl.png|https://i.imgur.com/I4CQuL1.png|https://i.imgur.com/U81CKgC.png|https://i.imgur.com/WEpN3TZ.png|https://i.imgur.com/YbIkgzR.png|https://i.imgur.com/K56SDo7.png|https://i.imgur.com/tP6ko0k.png|https://i.imgur.com/pFHijnt.png|https://i.imgur.com/qSwieCj.png|https://i.imgur.com/Eq1IUe1.png|https://i.imgur.com/RuydiY1.png|https://i.imgur.com/J9pX1bm.png|https://i.imgur.com/g4zOhZF.png|https://i.imgur.com/TtJHPOX.png,https://i.imgur.com/uC8mH5c.jpeg|https://i.imgur.com/jBuxlJO.jpeg|https://i.imgur.com/9smArYg.jpeg|https://i.imgur.com/bfqugO1.jpeg|https://i.imgur.com/KGYdAH7.jpeg|https://i.imgur.com/KHi7HXF.jpeg|https://i.imgur.com/Fc79k5M.jpeg|https://i.imgur.com/hNl111h.jpeg|https://i.imgur.com/hhNVTfb.jpeg|https://i.imgur.com/F22KUEU.jpeg|https://i.imgur.com/oJEkhPy.jpeg|https://i.imgur.com/T38G5Yp.jpeg|https://i.imgur.com/yUxaGiw.jpeg|https://i.imgur.com/rbOdiOZ.jpeg|https://i.imgur.com/fUf4lpa.jpeg|https://i.imgur.com/AH3CigC.jpeg|https://i.imgur.com/8qgXnYN.jpeg|https://i.imgur.com/0nooz3f.jpeg|https://i.imgur.com/8iAkhKo.jpeg|https://i.imgur.com/JPZaEBg.jpeg|https://i.imgur.com/ySn5PCE.jpeg|https://i.imgur.com/69dk8BL.jpeg|https://i.imgur.com/mpqxBgo.jpeg|https://i.imgur.com/g2OnEBV.jpeg,
Dune Part Two,693134,,,,,2.38.5/1,https://i.imgur.com/W8YNvXo.jpeg,https://i.imgur.com/heHKgup.jpeg|https://i.imgur.com/Gg8nUHQ.jpeg|https://i.imgur.com/9Rv8Ckb.jpeg|https://i.imgur.com/tIFghZs.jpeg|https://i.imgur.com/vb9JQ4K.jpeg|https://i.imgur.com/XOTaeop.jpeg|https://i.imgur.com/zZg28mZ.jpeg|https://i.imgur.com/l2i415t.jpeg|https://i.imgur.com/Lr9Yd3k.jpeg|https://i.imgur.com/fRSC3pT.jpeg|https://i.imgur.com/OJfVGYe.jpeg|https://i.imgur.com/kXAZWbS.jpeg|https://i.imgur.com/4yR2sZa.jpeg|https://i.imgur.com/rjDw2Q1.jpeg|https://i.imgur.com/9uPYtvg.jpeg|https://i.imgur.com/5F1gfCI.jpeg,https://i.imgur.com/CmBPadN.jpeg|https://i.imgur.com/HXS7HDR.jpeg|https://i.imgur.com/CdzTivZ.jpeg|https://i.imgur.com/80NDJzI.jpeg|https://i.imgur.com/uzSTXcx.jpeg|https://i.imgur.com/sg9ZPkQ.jpeg|https://i.imgur.com/WnRVWBZ.jpeg|https://i.imgur.com/4sJX5oL.jpeg|https://i.imgur.com/P9yehOC.jpeg|https://i.imgur.com/H2RPvam.jpeg|https://i.imgur.com/pyaQKjl.jpeg|https://i.imgur.com/VyF0xBN.jpeg|https://i.imgur.com/HqjDDrJ.jpeg|https://i.imgur.com/VvOJsVI.jpeg|https://i.imgur.com/xGnbxpZ.jpeg|https://i.imgur.com/ukfL4He.jpeg
Dune,438631,,,,,2.39/1,https://i.imgur.com/vwEtina.jpeg,https://i.imgur.com/RmGHPzZ.jpeg|https://i.imgur.com/nrkeW2S.jpeg|https://i.imgur.com/inyPEUV.jpeg|https://i.imgur.com/yOEtlo1.jpeg|https://i.imgur.com/bzNntvF.jpeg|https://i.imgur.com/0iydE5T.jpeg|https://i.imgur.com/jBKksL0.jpeg|https://i.imgur.com/cC6LLmO.jpeg|https://i.imgur.com/1rMwZk1.jpeg|https://i.imgur.com/mBpWCBU.jpeg|https://i.imgur.com/6jQNf6Q.jpeg|https://i.imgur.com/6ByQmFr.jpeg|https://i.imgur.com/o6h3Hvl.jpeg|https://i.imgur.com/ewGgybu.jpeg|https://i.imgur.com/bFEsRjR.jpeg|https://i.imgur.com/rtNN3g9.png,https://i.imgur.com/XLuVpzf.jpeg|https://i.imgur.com/imkFjrC.jpeg|https://i.imgur.com/rCZc3T8.jpeg|https://i.imgur.com/lBwJuc4.jpeg|https://i.imgur.com/3xHH7fH.jpeg|https://i.imgur.com/SpLc1Mr.jpeg|https://i.imgur.com/v5XWI2p.jpeg|https://i.imgur.com/AEWjxC0.jpeg|https://i.imgur.com/0P1a2S2.jpeg|https://i.imgur.com/iEHD7Ly.jpeg|https://i.imgur.com/hly2M1r.jpeg|https://i.imgur.com/LDJj9nf.jpeg|https://i.imgur.com/vf78Kzy.jpeg|https://i.imgur.com/lZJOEMr.jpeg|https://i.imgur.com/hnuAa5g.jpeg|https://i.imgur.com/IdXwxXh.jpeg,
Castle of Sand,29268,,,,,2.35/1,https://i.imgur.com/DeRzQDb.jpeg,https://i.imgur.com/qZAuweC.png|https://i.imgur.com/PgDsrEK.png|https://i.imgur.com/Ycz1aTI.png|https://i.imgur.com/uI5AZsa.png|https://i.imgur.com/4noOVS8.png|https://i.imgur.com/sVc21Je.png|https://i.imgur.com/2hfIVxP.png|https://i.imgur.com/3rxCADl.png|https://i.imgur.com/z3aKQ0p.png|https://i.imgur.com/L6m0SNw.png|https://i.imgur.com/9Ktw3pU.png|https://i.imgur.com/7lQHgIh.png|https://i.imgur.com/D3YVDgF.png|https://i.imgur.com/CoyIg38.png|https://i.imgur.com/uFuCyTY.png|https://i.imgur.com/1ZJUSkc.png,https://i.imgur.com/kDw7YoY.jpeg|https://i.imgur.com/Fryci0T.jpeg|https://i.imgur.com/RmsphXU.jpeg|https://i.imgur.com/DLYup8C.jpeg|https://i.imgur.com/c2izwZt.jpeg|https://i.imgur.com/OCQJJ77.jpeg|https://i.imgur.com/0GV2Mnk.jpeg|https://i.imgur.com/D0Amtsi.jpeg|https://i.imgur.com/uORs03H.jpeg|https://i.imgur.com/28NwQoV.jpeg|https://i.imgur.com/9ImIoib.jpeg|https://i.imgur.com/NZcDL6j.jpeg|https://i.imgur.com/zDSIDF6.jpeg|https://i.imgur.com/m8xJkOq.jpeg|https://i.imgur.com/x8I8c82.jpeg|https://i.imgur.com/a65Eqrq.jpeg,
Phantom Thread,400617,,,,,1.85/1,https://i.imgur.com/LfTZSO4.jpeg,https://i.imgur.com/9bSIdqP.jpeg|https://i.imgur.com/JUSp2fT.jpeg|https://i.imgur.com/mjAO66m.jpeg|https://i.imgur.com/ecpUCWc.jpeg|https://i.imgur.com/vwj1yud.jpeg|https://i.imgur.com/D3iQtgm.jpeg|https://i.imgur.com/4bha6Kf.jpeg|https://i.imgur.com/TaVOrz4.jpeg|https://i.imgur.com/l3Einpx.jpeg|https://i.imgur.com/4UFeUzr.jpeg|https://i.imgur.com/z5ZiJK7.jpeg|https://i.imgur.com/mZMG72H.jpeg|https://i.imgur.com/OGumpJc.jpeg|https://i.imgur.com/546qt8j.jpeg|https://i.imgur.com/CcGKD0e.jpeg|https://i.imgur.com/prUXrZz.jpeg,https://i.imgur.com/vfEoMU6.jpeg|https://i.imgur.com/9Hd2Cky.jpeg|https://i.imgur.com/zFtoiCN.jpeg|https://i.imgur.com/GxmZIQr.jpeg|https://i.imgur.com/fBskUuA.jpeg|https://i.imgur.com/DiLWTtq.jpeg|https://i.imgur.com/iPXqefn.jpeg|https://i.imgur.com/CcvlAb1.jpeg|https://i.imgur.com/dd3XQos.jpeg|https://i.imgur.com/DVhA5N9.jpeg|https://i.imgur.com/ftabA8O.jpeg|https://i.imgur.com/M9GmPhr.jpeg|https://i.imgur.com/DnVklzS.jpeg|https://i.imgur.com/UNHKACU.jpeg|https://i.imgur.com/OTYOfte.jpeg|https://i.imgur.com/zs0VPRC.jpeg,
In the mood for Love,843,,,,,1.66/1,https://i.imgur.com/VLIh4fN.jpeg,https://i.imgur.com/x65aGs0.png|https://i.imgur.com/8A4NQKv.png|https://i.imgur.com/YSi2hIF.png|https://i.imgur.com/0yWunXU.png|https://i.imgur.com/jILABhX.png|https://i.imgur.com/iCcgGXo.png|https://i.imgur.com/51epOwR.png|https://i.imgur.com/WiL7KYn.png|https://i.imgur.com/0ksC7GS.png|https://i.imgur.com/SADhzc1.png|https://i.imgur.com/D8H6WuV.png|https://i.imgur.com/JLwOLyA.png|https://i.imgur.com/SxhEv1D.png|https://i.imgur.com/YHkmy7E.png|https://i.imgur.com/3DpeZ9N.png|https://i.imgur.com/3XEGrcO.png|https://i.imgur.com/3qNymXP.png|https://i.imgur.com/kWpG0OT.png|https://i.imgur.com/2fBWW4Y.png|https://i.imgur.com/6saX2Wo.png|https://i.imgur.com/PM93rOf.png|https://i.imgur.com/u1icPC3.png|https://i.imgur.com/dV5sdke.png|https://i.imgur.com/5SxrYvs.png|https://i.imgur.com/5QyBMD7.png|https://i.imgur.com/nhnlNdA.png|https://i.imgur.com/4i38vrz.png|https://i.imgur.com/wD4rwB3.png|https://i.imgur.com/7tw5YwM.png|https://i.imgur.com/BkHndDH.png|https://i.imgur.com/302HIjB.png|https://i.imgur.com/BoqUDdO.png,https://i.imgur.com/e4W4yVw.jpeg|https://i.imgur.com/x4TQ9fR.jpeg|https://i.imgur.com/Upd5c2d.jpeg|https://i.imgur.com/unrPoeF.jpeg|https://i.imgur.com/WH9InjG.jpeg|https://i.imgur.com/t9kMV89.jpeg|https://i.imgur.com/fHAHXpH.jpeg|https://i.imgur.com/H0q15Iv.jpeg|https://i.imgur.com/Q2lrcuH.jpeg|https://i.imgur.com/jwhmgQA.jpeg|https://i.imgur.com/O9ZmbYy.jpeg|https://i.imgur.com/IjAE6cx.jpeg|https://i.imgur.com/hj8F5ph.jpeg|https://i.imgur.com/rUvucsd.jpeg|https://i.imgur.com/fSm2quO.jpeg|https://i.imgur.com/JcWZoKx.jpeg|https://i.imgur.com/rr0FkOI.jpeg|https://i.imgur.com/gruW79s.jpeg|https://i.imgur.com/5ZPsZ6b.jpeg|https://i.imgur.com/LDabdTL.jpeg|https://i.imgur.com/6W8psJq.jpeg|https://i.imgur.com/BEifI1K.jpeg|https://i.imgur.com/EiIQcB8.jpeg|https://i.imgur.com/KRDshho.jpeg|https://i.imgur.com/fGneXv1.jpeg|https://i.imgur.com/NYBF7nY.jpeg|https://i.imgur.com/LuhrWjt.jpeg|https://i.imgur.com/es5n3dZ.jpeg|https://i.imgur.com/eaFUITR.jpeg|https://i.imgur.com/j5aKSdF.jpeg|https://i.imgur.com/uDBJak4.jpeg|https://i.imgur.com/2eRUnA1.jpeg,
Conclave,974576,,,,,2.39/1,,https://i.imgur.com/NhwQJYs.jpeg|https://i.imgur.com/0MSv6vJ.jpeg|https://i.imgur.com/3Y5KUHS.jpeg|https://i.imgur.com/05OzspT.jpeg|https://i.imgur.com/i4equaU.jpeg|https://i.imgur.com/tyYRQhY.jpeg|https://i.imgur.com/bb7i3JC.png|https://i.imgur.com/ccG1qZv.jpeg|https://i.imgur.com/M0OQsdZ.jpeg|https://i.imgur.com/0gPqYES.jpeg|https://i.imgur.com/Tv2Q0Zw.jpeg|https://i.imgur.com/KEQlRZA.jpeg|https://i.imgur.com/xnij3vL.jpeg|https://i.imgur.com/QEL9wJm.jpeg|https://i.imgur.com/XgWwiJJ.png|https://i.imgur.com/0S79qk5.png|https://i.imgur.com/eqzZRSZ.jpeg|https://i.imgur.com/RYRIzNx.jpeg|https://i.imgur.com/9GlE4hC.jpeg|https://i.imgur.com/2x3472Z.jpeg|https://i.imgur.com/q6GxcwH.jpeg|https://i.imgur.com/a2RA6ia.jpeg|https://i.imgur.com/3tT8aQX.jpeg|https://i.imgur.com/tf1gaAy.png,https://i.imgur.com/lVU1WUJ.jpeg|https://i.imgur.com/IEJdhfy.jpeg|https://i.imgur.com/gHp6iIO.jpeg|https://i.imgur.com/J2r4EoZ.jpeg|https://i.imgur.com/uZQDwHa.jpeg|https://i.imgur.com/0NfK7HH.jpeg|https://i.imgur.com/dPlLU7S.jpeg|https://i.imgur.com/pveT3CI.jpeg|https://i.imgur.com/KWcgq8i.jpeg|https://i.imgur.com/lfpVrSL.jpeg|https://i.imgur.com/GO9Ek6t.jpeg|https://i.imgur.com/meYni41.jpeg|https://i.imgur.com/lhpPcpL.jpeg|https://i.imgur.com/F4gwuZZ.jpeg|https://i.imgur.com/iU4Feis.jpeg|https://i.imgur.com/DXCj1TD.jpeg|https://i.imgur.com/5ncVmG7.jpeg|https://i.imgur.com/MmNJCC5.jpeg|https://i.imgur.com/NJ7IIiD.jpeg|https://i.imgur.com/dv5uwhm.jpeg|https://i.imgur.com/OnvNt0Q.jpeg|https://i.imgur.com/DWshvT1.jpeg|https://i.imgur.com/tbUntOA.jpeg|https://i.imgur.com/26xCgiC.jpeg,
The Batman,414906,,,,,2.39/1,https://i.imgur.com/sAkspK7.jpeg,https://i.imgur.com/KyfV0b7.jpeg|https://i.imgur.com/96eh2sI.png|https://i.imgur.com/FioC7SQ.png|https://i.imgur.com/3gf9KfL.png|https://i.imgur.com/htX4Grj.jpeg|https://i.imgur.com/JBBC0dn.jpeg|https://i.imgur.com/pDLrwWv.jpeg|https://i.imgur.com/vlNy7R8.png|https://i.imgur.com/HZGHzV1.png|https://i.imgur.com/I4kJhXH.jpeg|https://i.imgur.com/v02EGW8.jpeg|https://i.imgur.com/RDhWWIS.jpeg|https://i.imgur.com/1CY9xQy.png|https://i.imgur.com/MdjA072.jpeg|https://i.imgur.com/PNU3RSe.png|https://i.imgur.com/FTD8jxg.jpeg|https://i.imgur.com/Fw0rbOs.jpeg|https://i.imgur.com/KBExFXo.jpeg|https://i.imgur.com/EBAfai7.jpeg|https://i.imgur.com/oNWVeSc.jpeg|https://i.imgur.com/OIHDywQ.png|https://i.imgur.com/bMs0WxO.jpeg|https://i.imgur.com/O0SwoXF.png|https://i.imgur.com/AEHv0uX.jpeg|https://i.imgur.com/fgRb0oE.jpeg|https://i.imgur.com/kX49EGQ.png|https://i.imgur.com/fUgGwdN.jpeg|https://i.imgur.com/f3fPoyY.jpeg|https://i.imgur.com/aWN8vnW.png|https://i.imgur.com/y3BDLWV.jpeg|https://i.imgur.com/knDM5uD.png|https://i.imgur.com/wFkfKi9.jpeg,https://i.imgur.com/Ua05aIW.jpeg|https://i.imgur.com/TE5DuYS.jpeg|https://i.imgur.com/WsIchLg.jpeg|https://i.imgur.com/THZ5NnS.jpeg|https://i.imgur.com/nk5XTOz.jpeg|https://i.imgur.com/Y4SD1bT.jpeg|https://i.imgur.com/d56AoTY.jpeg|https://i.imgur.com/AgcHlPj.jpeg|https://i.imgur.com/z8KRzhn.jpeg|https://i.imgur.com/Zsg6ITh.jpeg|https://i.imgur.com/aBmvNHQ.jpeg|https://i.imgur.com/7JRUKYa.jpeg|https://i.imgur.com/XoK5i2G.jpeg|https://i.imgur.com/txJBnOj.jpeg|https://i.imgur.com/g4Oeqwu.jpeg|https://i.imgur.com/USCoHVz.jpeg|https://i.imgur.com/8sNKORX.jpeg|https://i.imgur.com/k5j13kG.jpeg|https://i.imgur.com/QyXpIBN.jpeg|https://i.imgur.com/LpIu2T8.jpeg|https://i.imgur.com/5l2vLhv.jpeg|https://i.imgur.com/1p39cX2.jpeg|https://i.imgur.com/j6ft5Zm.jpeg|https://i.imgur.com/gSoFfrw.jpeg|https://i.imgur.com/JIBTrax.jpeg|https://i.imgur.com/Y8XCBu3.jpeg|https://i.imgur.com/v818TIe.jpeg|https://i.imgur.com/DtV10Ja.jpeg|https://i.imgur.com/6Ei5FJg.jpeg|https://i.imgur.com/eapNFYF.jpeg|https://i.imgur.com/tlXe5Se.jpeg|https://i.imgur.com/56Cfhdt.jpeg,
Sinners,1233413,,,,,1.78/1,https://i.imgur.com/09Trzwn.jpeg,https://i.imgur.com/1HjN7vC.jpeg|https://i.imgur.com/vR4RXTr.jpeg|https://i.imgur.com/a9q1Wf7.jpeg|https://i.imgur.com/jkw8EXJ.png|https://i.imgur.com/MRCjbmr.png|https://i.imgur.com/o4YJ66e.png|https://i.imgur.com/8Wyzu3D.jpeg|https://i.imgur.com/vv7yyhV.png|https://i.imgur.com/LRZyujx.png|https://i.imgur.com/hm94mYf.png|https://i.imgur.com/8iVeVKy.jpeg|https://i.imgur.com/olUeJoR.png|https://i.imgur.com/1WzrzHP.png|https://i.imgur.com/fGFtYWW.png|https://i.imgur.com/S0j1T1b.jpeg|https://i.imgur.com/N0VZ8OV.png|https://i.imgur.com/n0KQwOF.png|https://i.imgur.com/Y8srLGz.png|https://i.imgur.com/pOjOj5B.png|https://i.imgur.com/vnijGKB.png|https://i.imgur.com/NIxECCK.png|https://i.imgur.com/waysWdz.png|https://i.imgur.com/kW0dUTm.jpeg|https://i.imgur.com/8jUOQcq.png|https://i.imgur.com/uB9FFxC.png|https://i.imgur.com/FhoAs3T.jpeg|https://i.imgur.com/bME1kv6.jpeg|https://i.imgur.com/l9hqjdI.jpeg|https://i.imgur.com/lYQDNQu.jpeg|https://i.imgur.com/wgtlSyg.jpeg|https://i.imgur.com/Zkxyh7z.jpeg|https://i.imgur.com/6hqLVcl.png,https://i.imgur.com/iZWTNmy.jpeg|https://i.imgur.com/02Sbpch.jpeg|https://i.imgur.com/pWKpuDG.jpeg|https://i.imgur.com/D0c46K6.jpeg|https://i.imgur.com/ZSDPCTP.jpeg|https://i.imgur.com/2VLVhVM.jpeg|https://i.imgur.com/vgOz244.jpeg|https://i.imgur.com/LP769JL.jpeg|https://i.imgur.com/ZKVdeeT.jpeg|https://i.imgur.com/N6hOmfL.jpeg|https://i.imgur.com/gqWEV3J.jpeg|https://i.imgur.com/cIbfboe.jpeg|https://i.imgur.com/Q7EXm0U.jpeg|https://i.imgur.com/7jrh0f7.jpeg|https://i.imgur.com/IJ8Jjhs.jpeg|https://i.imgur.com/dzdZ1MN.jpeg|https://i.imgur.com/8bJCsXz.jpeg|https://i.imgur.com/aDXwfk0.jpeg|https://i.imgur.com/nFzZXsD.jpeg|https://i.imgur.com/n2utlxu.jpeg|https://i.imgur.com/yy1bdqd.jpeg|https://i.imgur.com/voYrzNr.jpeg|https://i.imgur.com/rgs5MO9.jpeg|https://i.imgur.com/ApuTES7.jpeg|https://i.imgur.com/CLkzw83.jpeg|https://i.imgur.com/BcEbzlY.jpeg|https://i.imgur.com/AVlpNq7.jpeg|https://i.imgur.com/v4FDenp.jpeg|https://i.imgur.com/q0uD4Dv.jpeg|https://i.imgur.com/Ck9O0sP.jpeg|https://i.imgur.com/IkNyuPo.jpeg|https://i.imgur.com/nl85G2t.jpeg,
The Death of Stalin,402897,,,,,1.85/1,https://i.imgur.com/vgUGEQp.jpeg,https://i.imgur.com/MkRBkTw.png|https://i.imgur.com/ORjpCQz.png|https://i.imgur.com/zQeqkGH.png|https://i.imgur.com/sDXVqH7.png|https://i.imgur.com/hvX7wSc.png|https://i.imgur.com/bYYksxn.png|https://i.imgur.com/04vCDgb.png|https://i.imgur.com/3FKCRix.png|https://i.imgur.com/3CaIMNw.png|https://i.imgur.com/Mey6AYO.png|https://i.imgur.com/pdwws1F.png|https://i.imgur.com/bxxeSKF.png|https://i.imgur.com/om8OpyP.png|https://i.imgur.com/6qBOmyb.png|https://i.imgur.com/JnULEmx.png|https://i.imgur.com/ClmKt5A.png|https://i.imgur.com/tTKZ9Xc.png|https://i.imgur.com/w6Td4VX.png|https://i.imgur.com/6lEPW79.png|https://i.imgur.com/ibQjnVf.png,https://i.imgur.com/OkTSqu3.jpeg|https://i.imgur.com/NmlbPU1.jpeg|https://i.imgur.com/vN5A8RX.jpeg|https://i.imgur.com/k3zKAhH.jpeg|https://i.imgur.com/iGhN9zi.jpeg|https://i.imgur.com/rnKVH3r.jpeg|https://i.imgur.com/jzepSDF.jpeg|https://i.imgur.com/Nqrz2e6.jpeg|https://i.imgur.com/8nMTQSc.jpeg|https://i.imgur.com/Nh2jZXs.jpeg|https://i.imgur.com/9m4KRlp.jpeg|https://i.imgur.com/Z9ttAb3.jpeg|https://i.imgur.com/pznxsT5.jpeg|https://i.imgur.com/FS4kqAK.jpeg|https://i.imgur.com/qlP1SWH.jpeg|https://i.imgur.com/uaM1TJT.jpeg|https://i.imgur.com/0OuYobE.jpeg|https://i.imgur.com/gBcOPYn.jpeg|https://i.imgur.com/Un69eIM.jpeg|https://i.imgur.com/0GYtFbJ.jpeg,
Cure,36095,,,,,1.85/1,https://i.imgur.com/ygtCdZV.jpeg,https://i.imgur.com/Y2usYvt.png|https://i.imgur.com/k2OfPO5.png|https://i.imgur.com/qvOBOvn.png|https://i.imgur.com/myuic1u.png|https://i.imgur.com/gxfBkct.png|https://i.imgur.com/5UzfIfD.png|https://i.imgur.com/EFJj5B5.png|https://i.imgur.com/u6r2kdW.png|https://i.imgur.com/UcWpnXe.png|https://i.imgur.com/bBPKQYX.png|https://i.imgur.com/21IMS43.png|https://i.imgur.com/V1sXyvT.png|https://i.imgur.com/AEJZudX.png|https://i.imgur.com/YoAlWTX.png|https://i.imgur.com/GxFvulF.png|https://i.imgur.com/l2HNwWs.png|https://i.imgur.com/HMcHgWM.png|https://i.imgur.com/FC8DCUl.png|https://i.imgur.com/LI9ebpN.png|https://i.imgur.com/m2zcunQ.png|https://i.imgur.com/hMh9qBM.png|https://i.imgur.com/MS6QEOJ.png|https://i.imgur.com/zEOoT7Y.png|https://i.imgur.com/EnsffjU.png,https://i.imgur.com/GEEOTGx.jpeg|https://i.imgur.com/ENl2jrt.jpeg|https://i.imgur.com/rsQWPCw.jpeg|https://i.imgur.com/hznz1Mw.jpeg|https://i.imgur.com/mnzhLXf.jpeg|https://i.imgur.com/sg9R5pO.jpeg|https://i.imgur.com/z6MTSkL.jpeg|https://i.imgur.com/KICfs9d.jpeg|https://i.imgur.com/WaeXqRt.jpeg|https://i.imgur.com/npoiSZf.jpeg|https://i.imgur.com/K1Lz8t8.jpeg|https://i.imgur.com/COGMQ3w.jpeg|https://i.imgur.com/vk43v5p.jpeg|https://i.imgur.com/AdyXXbD.jpeg|https://i.imgur.com/uE3dWs0.jpeg|https://i.imgur.com/Zj7wSkU.jpeg|https://i.imgur.com/PH5dKVg.jpeg|https://i.imgur.com/qTdLHHz.jpeg|https://i.imgur.com/M0m5hoN.jpeg|https://i.imgur.com/zSL0PXW.jpeg|https://i.imgur.com/59RF1cG.jpeg|https://i.imgur.com/fsjZyGz.jpeg|https://i.imgur.com/rvffaOp.jpeg|https://i.imgur.com/vYawk9a.jpeg,
Lawrence of Arabia,947,,,,,2.2/1,,https://i.imgur.com/cpBo5MP.jpeg|https://i.imgur.com/TvMWf7v.png|https://i.imgur.com/Vr2lxLT.png|https://i.imgur.com/HHjOkrN.png|https://i.imgur.com/juP85Va.png|https://i.imgur.com/pXZlLb7.png|https://i.imgur.com/5rx6cQM.png|https://i.imgur.com/XoUKe1q.png|https://i.imgur.com/bh1rHFK.png|https://i.imgur.com/7qv16IR.png|https://i.imgur.com/hVp6Bbp.png|https://i.imgur.com/wwU49cA.png|https://i.imgur.com/ba0B8pP.png|https://i.imgur.com/SYp9qzl.png|https://i.imgur.com/CGZnzPq.png|https://i.imgur.com/cQNTb9o.png|https://i.imgur.com/8t6X2Vz.png|https://i.imgur.com/fGxf5Bq.png|https://i.imgur.com/o6Sewjb.png|https://i.imgur.com/F6TWC5r.png|https://i.imgur.com/Mb4hYS2.png|https://i.imgur.com/yXGAzF6.png|https://i.imgur.com/HVu3cPS.png|https://i.imgur.com/uHwFh96.png|https://i.imgur.com/rNwoSvq.png|https://i.imgur.com/z1PFm0Z.png|https://i.imgur.com/eNmQGUk.png|https://i.imgur.com/Z4ueXpF.png|https://i.imgur.com/Nn59PIg.png|https://i.imgur.com/TXr0ykZ.png|https://i.imgur.com/9Y5fjYp.png|https://i.imgur.com/wu0UaYy.png,https://i.imgur.com/NRry0KI.jpeg|https://i.imgur.com/CEdUCoh.jpeg|https://i.imgur.com/BKijk95.jpeg|https://i.imgur.com/oEFwbmc.jpeg|https://i.imgur.com/wQGtTUr.jpeg|https://i.imgur.com/rulguXH.jpeg|https://i.imgur.com/xDWq0Sg.jpeg|https://i.imgur.com/Ih0ILM0.jpeg|https://i.imgur.com/EMGLlVU.jpeg|https://i.imgur.com/rI6j313.jpeg|https://i.imgur.com/CD4SfE6.jpeg|https://i.imgur.com/m3hu0oW.jpeg|https://i.imgur.com/b8IShUd.jpeg|https://i.imgur.com/UJG065d.jpeg|https://i.imgur.com/bvmis7g.jpeg|https://i.imgur.com/3zvQBKV.jpeg|https://i.imgur.com/la8eWfj.jpeg|https://i.imgur.com/MvOI3Kr.jpeg|https://i.imgur.com/PZWa7tl.jpeg|https://i.imgur.com/xB7oyTa.jpeg|https://i.imgur.com/m1BxyuI.jpeg|https://i.imgur.com/BoV7lZ0.jpeg|https://i.imgur.com/CORyHgM.jpeg|https://i.imgur.com/VjvpVDx.jpeg|https://i.imgur.com/2DKGYfi.jpeg|https://i.imgur.com/Y9DJVQ1.jpeg|https://i.imgur.com/aW7nzrW.jpeg|https://i.imgur.com/4wqlRW9.jpeg|https://i.imgur.com/1osRi1c.jpeg|https://i.imgur.com/CDu2h3o.jpeg|https://i.imgur.com/h79j9bW.jpeg|https://i.imgur.com/dy1lHeC.jpeg,
Le Cercle Rouge,11657,,,,,1.85/1,,https://i.imgur.com/2X2Zbs1.png|https://i.imgur.com/0sOJNHP.png|https://i.imgur.com/11PnHRj.png|https://i.imgur.com/sNKe9rV.png|https://i.imgur.com/PBtLNwn.png|https://i.imgur.com/XHFsmJD.png|https://i.imgur.com/3vloTUd.png|https://i.imgur.com/NHecA1D.png|https://i.imgur.com/ojqR1AO.png|https://i.imgur.com/LueqlYS.png|https://i.imgur.com/g8kYbNx.png|https://i.imgur.com/KR54foB.png|https://i.imgur.com/Qbudrb6.png|https://i.imgur.com/jtYEZpL.png|https://i.imgur.com/7Res6Tj.png|https://i.imgur.com/TA4gQv4.png|https://i.imgur.com/NbmGT61.png|https://i.imgur.com/6rAQnM8.png|https://i.imgur.com/bHATRaK.png|https://i.imgur.com/b24lOq5.png|https://i.imgur.com/UvAA8SY.png|https://i.imgur.com/0C3oHRf.png|https://i.imgur.com/3vuQeDb.png|https://i.imgur.com/9OfO3bC.png,https://i.imgur.com/3F3FCkF.jpeg|https://i.imgur.com/YOZVAdC.jpeg|https://i.imgur.com/CWUmgI2.jpeg|https://i.imgur.com/PlYiOG9.jpeg|https://i.imgur.com/2QE2K7E.jpeg|https://i.imgur.com/AZCs67S.jpeg|https://i.imgur.com/lQaSMXO.jpeg|https://i.imgur.com/rC6MJqD.jpeg|https://i.imgur.com/3ZKXX9H.jpeg|https://i.imgur.com/aLLFqVs.jpeg|https://i.imgur.com/d0dY405.jpeg|https://i.imgur.com/hi6E2dE.jpeg|https://i.imgur.com/6AdwOfp.jpeg|https://i.imgur.com/mfbq7ge.jpeg|https://i.imgur.com/q9mefe2.jpeg|https://i.imgur.com/WmQVK9Z.jpeg|https://i.imgur.com/xXtPfuy.jpeg|https://i.imgur.com/GPwXSEo.jpeg|https://i.imgur.com/II6YhoL.jpeg|https://i.imgur.com/d1xOapb.jpeg|https://i.imgur.com/1GLLSel.jpeg|https://i.imgur.com/kQ5JLrc.jpeg|https://i.imgur.com/ZxsLtce.jpeg|https://i.imgur.com/emQV0vu.jpeg,
Amadeus,279,,,,,2.40/1,https://i.imgur.com/4A8a0J4.jpeg,https://i.imgur.com/gnR1aCu.png|https://i.imgur.com/0IK5X3u.png|https://i.imgur.com/uGZP1gi.png|https://i.imgur.com/RcKoZ5Q.png|https://i.imgur.com/ti8dToN.png|https://i.imgur.com/3pJeQWB.png|https://i.imgur.com/KV8jgd0.png|https://i.imgur.com/vF4kdDg.png|https://i.imgur.com/5Tcu4TJ.png|https://i.imgur.com/6uipuwm.png|https://i.imgur.com/3EOaye1.png|https://i.imgur.com/71Rd5l1.png|https://i.imgur.com/syZjI4z.png|https://i.imgur.com/C2Fmh7E.png|https://i.imgur.com/0mOuQFz.png|https://i.imgur.com/bdS4vQC.png|https://i.imgur.com/PJC7emT.png|https://i.imgur.com/oRrsHdQ.png|https://i.imgur.com/vJHh10C.png|https://i.imgur.com/ENlw4XV.png|https://i.imgur.com/GOO2ajK.png|https://i.imgur.com/dvAUBWZ.png|https://i.imgur.com/ojj16p8.png|https://i.imgur.com/UFx8j4o.png,https://i.imgur.com/mPVChxx.jpeg|https://i.imgur.com/peFZMLk.jpeg|https://i.imgur.com/vqzP6Wq.jpeg|https://i.imgur.com/4cYiYmw.jpeg|https://i.imgur.com/5J5NrFI.jpeg|https://i.imgur.com/CG81x7f.jpeg|https://i.imgur.com/sRgTXTM.jpeg|https://i.imgur.com/NVhP0d8.jpeg|https://i.imgur.com/1T7CDvh.jpeg|https://i.imgur.com/xpyr8Fw.jpeg|https://i.imgur.com/rZSnJEY.jpeg|https://i.imgur.com/BegWobx.jpeg|https://i.imgur.com/JmRG7Jb.jpeg|https://i.imgur.com/rHEPvQt.jpeg|https://i.imgur.com/BQDjmjg.jpeg|https://i.imgur.com/MHwhisJ.jpeg|https://i.imgur.com/5AMkC5C.jpeg|https://i.imgur.com/x6XfgYc.jpeg|https://i.imgur.com/FWxrJAZ.jpeg|https://i.imgur.com/gqFuema.jpeg|https://i.imgur.com/Mc1YdUi.jpeg|https://i.imgur.com/Y21TtB8.jpeg|https://i.imgur.com/mW6nOFH.jpeg|https://i.imgur.com/RUbQfij.jpeg,
Taste of Cherry,30020,,,,,1.66/1,https://i.imgur.com/uODF9Pg.jpeg,https://i.imgur.com/NtTqJO4.png|https://i.imgur.com/1hZisgL.png|https://i.imgur.com/48u3QGs.png|https://i.imgur.com/gxEt9MV.png|https://i.imgur.com/4xKQaAg.png|https://i.imgur.com/1Dr41V2.png|https://i.imgur.com/tHPZIvN.png|https://i.imgur.com/W0SJaHQ.png|https://i.imgur.com/6iRmwNn.png|https://i.imgur.com/fXYGcrE.png|https://i.imgur.com/PmHlwqF.png|https://i.imgur.com/0IFFhgS.png|https://i.imgur.com/AOKcxLV.png|https://i.imgur.com/JJOWU3M.png|https://i.imgur.com/w7xq0tx.png|https://i.imgur.com/1Kx41Zs.png|https://i.imgur.com/7lPtlzk.png|https://i.imgur.com/fzWq4QC.png|https://i.imgur.com/vKDoo08.png|https://i.imgur.com/Djsx17z.png|https://i.imgur.com/SmaiTxy.png|https://i.imgur.com/7LmoOF1.png|https://i.imgur.com/fRhqBjM.png|https://i.imgur.com/LKR1WAK.png,https://i.imgur.com/ToAIHNt.jpeg|https://i.imgur.com/MQNVp5j.jpeg|https://i.imgur.com/FOq8lhL.jpeg|https://i.imgur.com/Qgt4mzM.jpeg|https://i.imgur.com/xG874z3.jpeg|https://i.imgur.com/3E2SjDx.jpeg|https://i.imgur.com/DGSvFio.jpeg|https://i.imgur.com/8i9NE3j.jpeg|https://i.imgur.com/H5TMja9.jpeg|https://i.imgur.com/vbMDmTu.jpeg|https://i.imgur.com/b15Vvnt.jpeg|https://i.imgur.com/g5Vm1u5.jpeg|https://i.imgur.com/4Jegc0R.jpeg|https://i.imgur.com/XflPZuJ.jpeg|https://i.imgur.com/pd1BgEM.jpeg|https://i.imgur.com/pKLhZnX.jpeg|https://i.imgur.com/JZIhPp5.jpeg|https://i.imgur.com/EmxHAL5.jpeg|https://i.imgur.com/o0TXN9x.jpeg|https://i.imgur.com/o1PasDq.jpeg|https://i.imgur.com/TBxC67u.jpeg|https://i.imgur.com/VWADHxZ.jpeg|https://i.imgur.com/GcNuujN.jpeg|https://i.imgur.com/SNBjTqB.jpeg,
Dog Day Afternoon,968,,,,,1.85/1,,https://i.imgur.com/k9iamtf.png|https://i.imgur.com/2PjTohM.png|https://i.imgur.com/Dl28K9t.png|https://i.imgur.com/4r6y74m.png|https://i.imgur.com/JoOjmKS.png|https://i.imgur.com/mQHbcHS.png|https://i.imgur.com/YU9LAaR.png|https://i.imgur.com/cBs8GuR.png|https://i.imgur.com/N1qIoLH.png|https://i.imgur.com/vNVWrpG.png|https://i.imgur.com/634WAad.png|https://i.imgur.com/jZbznqq.png|https://i.imgur.com/GeJ1QiJ.png|https://i.imgur.com/kdwcwfu.png|https://i.imgur.com/n8TPTJo.png|https://i.imgur.com/omDcvwz.png,https://i.imgur.com/ULyvPyW.jpeg|https://i.imgur.com/EZDZ00n.jpeg|https://i.imgur.com/S5g33h2.jpeg|https://i.imgur.com/Jlds0r1.jpeg|https://i.imgur.com/sSvX7z3.jpeg|https://i.imgur.com/mykFXyd.jpeg|https://i.imgur.com/tNkzTab.jpeg|https://i.imgur.com/QbbQUm9.jpeg|https://i.imgur.com/75krAmF.jpeg|https://i.imgur.com/fHMK6ms.jpeg|https://i.imgur.com/8ntOeLF.jpeg|https://i.imgur.com/0Yzkr2k.jpeg|https://i.imgur.com/1ptM6J5.jpeg|https://i.imgur.com/GwRUZY1.jpeg|https://i.imgur.com/pxt8QvS.jpeg|https://i.imgur.com/gJXJHxY.jpeg,
Incendies,46738,,,,,1.85/1,,https://i.imgur.com/TzdrKnH.png|https://i.imgur.com/7uKI7W6.png|https://i.imgur.com/aU481NK.png|https://i.imgur.com/7rucqgc.png|https://i.imgur.com/MnVlNgn.png|https://i.imgur.com/SoqPQT9.png|https://i.imgur.com/JuLla1N.png|https://i.imgur.com/Q1Xvwae.png|https://i.imgur.com/jSvBNA6.png|https://i.imgur.com/XzOWISA.png|https://i.imgur.com/52UdQUh.png|https://i.imgur.com/cgJ0auD.png|https://i.imgur.com/ZeUfFCN.png|https://i.imgur.com/VK5odS0.png|https://i.imgur.com/DPARmxd.png|https://i.imgur.com/tgoFLk3.png|https://i.imgur.com/Afrd0Fi.png|https://i.imgur.com/vCiusvW.png|https://i.imgur.com/LZWXlxR.png|https://i.imgur.com/3n9OU3m.png|https://i.imgur.com/oPod0Qs.png|https://i.imgur.com/wSplakn.png|https://i.imgur.com/lomtESj.png|https://i.imgur.com/zaCehca.png,https://i.imgur.com/BDOxAlB.jpeg|https://i.imgur.com/mb55tyF.jpeg|https://i.imgur.com/Ml8iYQR.jpeg|https://i.imgur.com/Xo1jtih.jpeg|https://i.imgur.com/JZxCBjl.jpeg|https://i.imgur.com/5OO6dCU.jpeg|https://i.imgur.com/P3jj3tY.jpeg|https://i.imgur.com/emhf3yB.jpeg|https://i.imgur.com/03p9OeR.jpeg|https://i.imgur.com/iIImkAU.jpeg|https://i.imgur.com/6GQJ3Ia.jpeg|https://i.imgur.com/cbWNmq5.jpeg|https://i.imgur.com/NTkkzNK.jpeg|https://i.imgur.com/5KZNiu3.jpeg|https://i.imgur.com/jVZdjvp.jpeg|https://i.imgur.com/Uf0oO7b.jpeg|https://i.imgur.com/y5cE7lb.jpeg|https://i.imgur.com/Lowd1Dy.jpeg|https://i.imgur.com/AwS4LMw.jpeg|https://i.imgur.com/sCJ7COE.jpeg|https://i.imgur.com/WYujKsj.jpeg|https://i.imgur.com/0KK3cB2.jpeg|https://i.imgur.com/PExnNxx.jpeg|https://i.imgur.com/YCRDmGw.jpeg,
Come and See,25237,,,,,1.37/1,https://i.imgur.com/fAS2pFc.jpeg,https://i.imgur.com/WZXACWP.png|https://i.imgur.com/nFUIrcY.png|https://i.imgur.com/ko1t7vc.png|https://i.imgur.com/ctwFuZA.png|https://i.imgur.com/RSXuhBi.png|https://i.imgur.com/a10T2pO.png|https://i.imgur.com/dfIsQwR.png|https://i.imgur.com/Y1Aph5l.png|https://i.imgur.com/oPtCzk2.png|https://i.imgur.com/7ASJyaD.png|https://i.imgur.com/qYYg56k.png|https://i.imgur.com/muPwSUg.png|https://i.imgur.com/v3IOCSS.png|https://i.imgur.com/4xHlQfh.png|https://i.imgur.com/2yRPjLW.png|https://i.imgur.com/urHs2yc.png|https://i.imgur.com/pSlhbeR.png|https://i.imgur.com/jaDq7K8.png|https://i.imgur.com/VxXEhcY.png|https://i.imgur.com/fazXswR.png|https://i.imgur.com/5xT64eX.png|https://i.imgur.com/tWPW9Bx.png|https://i.imgur.com/KFbYYJ9.png|https://i.imgur.com/OJTZEmt.png|https://i.imgur.com/l3WDV6Q.png|https://i.imgur.com/jsyF7aF.png|https://i.imgur.com/ar4xAC8.png|https://i.imgur.com/xcms75R.png|https://i.imgur.com/ULGPLJW.png|https://i.imgur.com/YUUteT9.png|https://i.imgur.com/pYBWkZt.png|https://i.imgur.com/2iOFWuU.png,https://i.imgur.com/NjExAtE.jpeg|https://i.imgur.com/46twF9t.jpeg|https://i.imgur.com/XrVOPw4.jpeg|https://i.imgur.com/dVSrD4H.jpeg|https://i.imgur.com/VTbG8zY.jpeg|https://i.imgur.com/znCi7mo.jpeg|https://i.imgur.com/4p2UGQ1.jpeg|https://i.imgur.com/JlRQcx0.jpeg|https://i.imgur.com/pywI30T.jpeg|https://i.imgur.com/9fTyu0C.jpeg|https://i.imgur.com/4Cjj7I4.jpeg|https://i.imgur.com/BOybw4l.jpeg|https://i.imgur.com/md4KYBZ.jpeg|https://i.imgur.com/PvnwtQq.jpeg|https://i.imgur.com/o4usX4L.jpeg|https://i.imgur.com/LNChdXn.jpeg|https://i.imgur.com/iDmMNIX.jpeg|https://i.imgur.com/JT3ymjy.jpeg|https://i.imgur.com/Y5SwDD7.jpeg|https://i.imgur.com/LJVw2hG.jpeg|https://i.imgur.com/x8dJ92L.jpeg|https://i.imgur.com/CNMve9M.jpeg|https://i.imgur.com/x1Oy0fO.jpeg|https://i.imgur.com/JExXJil.jpeg|https://i.imgur.com/wrIBB3o.jpeg|https://i.imgur.com/7oF22Q3.jpeg|https://i.imgur.com/mfneXtz.jpeg|https://i.imgur.com/9mnsPsH.jpeg|https://i.imgur.com/gy24hCs.jpeg|https://i.imgur.com/byIZnLG.jpeg|https://i.imgur.com/40XPxF3.jpeg|https://i.imgur.com/rLd4k1Z.jpeg,
Manhunter,11454,,,,,2.35/1,,https://i.imgur.com/D2vdzCK.png|https://i.imgur.com/lGNTkrt.png|https://i.imgur.com/QboXbKj.png|https://i.imgur.com/bCfDTTV.png|https://i.imgur.com/w1SeUjP.png|https://i.imgur.com/G5kZ7Yu.png|https://i.imgur.com/iOI8JDA.png|https://i.imgur.com/Mcro1KA.png|https://i.imgur.com/OuH8CzH.png|https://i.imgur.com/Mt5HvZg.png|https://i.imgur.com/NFow1NB.png|https://i.imgur.com/eufBtxU.png|https://i.imgur.com/5qRdJrL.png|https://i.imgur.com/opN81oO.png|https://i.imgur.com/TP9rcUd.png|https://i.imgur.com/QQa4rGu.png|https://i.imgur.com/EZt6124.png|https://i.imgur.com/CUaJ05q.png|https://i.imgur.com/Ow6HdxS.png|https://i.imgur.com/rJmltuP.png|https://i.imgur.com/VC2tZVR.png|https://i.imgur.com/ZNLV89R.png|https://i.imgur.com/qGZWkhT.png|https://i.imgur.com/PHNX1Ca.png,https://i.imgur.com/hJJlWRh.jpeg|https://i.imgur.com/DJcCIUT.jpeg|https://i.imgur.com/wVrJVb1.jpeg|https://i.imgur.com/elFhbhs.jpeg|https://i.imgur.com/xgEgsMU.jpeg|https://i.imgur.com/pcUtEp2.jpeg|https://i.imgur.com/rgiAb9d.jpeg|https://i.imgur.com/fIr2C48.jpeg|https://i.imgur.com/XqK9DUM.jpeg|https://i.imgur.com/TIkAfEa.jpeg|https://i.imgur.com/r14R0sV.jpeg|https://i.imgur.com/3TzM1fX.jpeg|https://i.imgur.com/JYFN5hb.jpeg|https://i.imgur.com/8QgzixG.jpeg|https://i.imgur.com/hZXfGZv.jpeg|https://i.imgur.com/svid69n.jpeg|https://i.imgur.com/DJaQf7Y.jpeg|https://i.imgur.com/3Uvwpvu.jpeg|https://i.imgur.com/7WkVnsX.jpeg|https://i.imgur.com/5Rakyoz.jpeg|https://i.imgur.com/g6QzCEQ.jpeg|https://i.imgur.com/kRhc0od.jpeg|https://i.imgur.com/Ntfy9qS.jpeg|https://i.imgur.com/XkhdBvr.jpeg,
Ballad of a Samll Player,1272166,,,,,2.20/1,,https://i.imgur.com/mr6VMGc.jpeg|https://i.imgur.com/N2nEdTD.jpeg|https://i.imgur.com/js3FNYO.jpeg|https://i.imgur.com/dLkjlBo.jpeg|https://i.imgur.com/o0Cvqrs.jpeg|https://i.imgur.com/v92OiGI.jpeg|https://i.imgur.com/iYhR8UO.jpeg|https://i.imgur.com/oYfgFdL.jpeg|https://i.imgur.com/yaqnL6s.jpeg|https://i.imgur.com/pAX0Ggm.jpeg|https://i.imgur.com/D0XLVuj.jpeg|https://i.imgur.com/5g1k0wK.jpeg|https://i.imgur.com/ZBbTGB1.jpeg|https://i.imgur.com/wYXa45K.jpeg|https://i.imgur.com/tOIYhX2.jpeg|https://i.imgur.com/RbIt8yv.jpeg|https://i.imgur.com/HkVCuUT.jpeg|https://i.imgur.com/96UcKv2.jpeg|https://i.imgur.com/Oh2vXoq.jpeg|https://i.imgur.com/n5mASwy.jpeg|https://i.imgur.com/vnFZH9j.jpeg|https://i.imgur.com/0kLN4J6.png|https://i.imgur.com/h6kCYgV.jpeg|https://i.imgur.com/XaVJE8Y.jpeg|https://i.imgur.com/4Bbfxtk.jpeg|https://i.imgur.com/6jfZZhm.jpeg|https://i.imgur.com/rd4kZcq.jpeg|https://i.imgur.com/zZx34tT.jpeg|https://i.imgur.com/Ag0B9nZ.jpeg|https://i.imgur.com/GRC9hC1.jpeg|https://i.imgur.com/ADg0Dxd.jpeg|https://i.imgur.com/4PeTmHU.jpeg,https://i.imgur.com/GovPVBx.jpeg|https://i.imgur.com/Wmi97Wt.jpeg|https://i.imgur.com/uq0uADi.jpeg|https://i.imgur.com/9MLk9dj.jpeg|https://i.imgur.com/zYGHp2r.jpeg|https://i.imgur.com/7zx9eXL.jpeg|https://i.imgur.com/7zx9eXL.jpeg|https://i.imgur.com/7zx9eXL.jpeg|https://i.imgur.com/vTlGtEm.jpeg|https://i.imgur.com/FATqsB6.jpeg|https://i.imgur.com/n714Neq.jpeg|https://i.imgur.com/pD5Fhvp.jpeg|https://i.imgur.com/jlxu4Bl.jpeg|https://i.imgur.com/fQBmcPK.jpeg|https://i.imgur.com/AiLL4fU.jpeg|https://i.imgur.com/4iWfSRq.jpeg|https://i.imgur.com/qN3r3Zq.jpeg|https://i.imgur.com/hEYxCJg.jpeg|https://i.imgur.com/0YBeIBk.jpeg|https://i.imgur.com/fVEYKBP.jpeg|https://i.imgur.com/nY092Og.jpeg|https://i.imgur.com/gXIqa6G.jpeg|https://i.imgur.com/gXIqa6G.jpeg|https://i.imgur.com/pVxdM7T.jpeg|https://i.imgur.com/N9sh9q9.jpeg|https://i.imgur.com/McJFfwE.jpeg|https://i.imgur.com/YLclYkl.jpeg|https://i.imgur.com/yVLwksf.jpeg|https://i.imgur.com/916SrrX.jpeg|https://i.imgur.com/eLFVg37.jpeg|https://i.imgur.com/iZufuSJ.jpeg|https://i.imgur.com/XzAHLag.jpeg,
Dead Man's Letters,73920,,,,,1.37/1,,https://i.imgur.com/gKhcimL.png|https://i.imgur.com/eEtxi73.png|https://i.imgur.com/eL1lmp9.png|https://i.imgur.com/6GFqDvd.png|https://i.imgur.com/qTwQFww.png|https://i.imgur.com/RQ5MRe1.png|https://i.imgur.com/dDWGRSN.png|https://i.imgur.com/VquFbs5.png|https://i.imgur.com/Wf4ZOCi.png|https://i.imgur.com/hSbfwjh.png|https://i.imgur.com/yMfzR66.png|https://i.imgur.com/RdOAtnK.png|https://i.imgur.com/ILwIGSn.png|https://i.imgur.com/QFBR5jj.png|https://i.imgur.com/YUH5FRr.png|https://i.imgur.com/Ccc3IRn.png|https://i.imgur.com/wW6KwPf.png|https://i.imgur.com/f1KOz5w.png|https://i.imgur.com/YunUBO5.png|https://i.imgur.com/0xfdB5A.png|https://i.imgur.com/GO6o36g.png|https://i.imgur.com/CiMqZQd.png|https://i.imgur.com/RqJ3qDn.png|https://i.imgur.com/QAyL4do.png,
The Fall,14784,,,,,1.85/1,https://i.imgur.com/ohFIgU1.jpeg,https://i.imgur.com/SPnBKBh.jpeg|https://i.imgur.com/kMP8Hkj.jpeg|https://i.imgur.com/nYaw9XE.jpeg|https://i.imgur.com/vpV3bTX.jpeg|https://i.imgur.com/Wu4rYL0.jpeg|https://i.imgur.com/HAbhSG4.jpeg|https://i.imgur.com/YyHRrHA.jpeg|https://i.imgur.com/XttZCj1.jpeg|https://i.imgur.com/WX1PW4V.jpeg|https://i.imgur.com/OMwmhan.jpeg|https://i.imgur.com/OanKIqG.jpeg|https://i.imgur.com/FC1oqdZ.jpeg|https://i.imgur.com/NbLQDTF.jpeg|https://i.imgur.com/wga7uOm.jpeg|https://i.imgur.com/Qh7YsPT.jpeg|https://i.imgur.com/rD9DNMd.jpeg|https://i.imgur.com/Ed7Dfke.jpeg|https://i.imgur.com/K5ZS7Go.jpeg|https://i.imgur.com/1u2xamZ.jpeg|https://i.imgur.com/VLfqbW3.jpeg|https://i.imgur.com/jMtg0xx.jpeg|https://i.imgur.com/6iadDBQ.jpeg|https://i.imgur.com/W85A3rD.jpeg|https://i.imgur.com/kXwscpv.jpeg|https://i.imgur.com/FIxiEuY.jpeg|https://i.imgur.com/CmynrLJ.jpeg|https://i.imgur.com/5LiL0Sd.jpeg|https://i.imgur.com/RVc57ec.jpeg|https://i.imgur.com/vC5wBCv.jpeg|https://i.imgur.com/JlZkFSF.jpeg|https://i.imgur.com/uzUmVua.jpeg|https://i.imgur.com/ebvi1wr.jpeg|https://i.imgur.com/up81quj.jpeg|https://i.imgur.com/JY8AgVt.jpeg|https://i.imgur.com/Atm6Nh3.jpeg|https://i.imgur.com/EfMaJea.jpeg|https://i.imgur.com/1UhlCtq.jpeg|https://i.imgur.com/ccMkWle.jpeg|https://i.imgur.com/CHmlxN8.jpeg|https://i.imgur.com/4tsNakR.jpeg|https://i.imgur.com/hXkv5O0.jpeg|https://i.imgur.com/sl4r8aC.jpeg|https://i.imgur.com/9sAJYay.jpeg|https://i.imgur.com/z52bbuI.jpeg|https://i.imgur.com/tvZKd4K.jpeg|https://i.imgur.com/Np3sFD3.jpeg|https://i.imgur.com/xR6fCEq.jpeg|https://i.imgur.com/BdpDZLG.jpeg,https://i.imgur.com/MxLHMNp.jpeg|https://i.imgur.com/bpXB1Kn.jpeg|https://i.imgur.com/lU55iYi.jpeg|https://i.imgur.com/Bjo7HOe.jpeg|https://i.imgur.com/sL2PQBJ.jpeg|https://i.imgur.com/UdZ1tib.jpeg|https://i.imgur.com/Lt1vE6z.jpeg|https://i.imgur.com/S0EHgJr.jpeg|https://i.imgur.com/cej9s4K.jpeg|https://i.imgur.com/O480TBU.jpeg|https://i.imgur.com/OrqTAiU.jpeg|https://i.imgur.com/w9JKAfX.jpeg|https://i.imgur.com/SIELkx0.jpeg|https://i.imgur.com/nO2sca7.jpeg|https://i.imgur.com/EjvBiap.jpeg|https://i.imgur.com/cZZxZgv.jpeg|https://i.imgur.com/LvGSbJm.jpeg|https://i.imgur.com/5mTXAYF.jpeg|https://i.imgur.com/IHcXqmW.jpeg|https://i.imgur.com/vKUUsf5.jpeg|https://i.imgur.com/F048BfW.jpeg|https://i.imgur.com/cm7lhEU.jpeg|https://i.imgur.com/PNv4BFF.jpeg|https://i.imgur.com/6REFuIv.jpeg|https://i.imgur.com/Ak5kHEH.jpeg|https://i.imgur.com/a9Po3mm.jpeg|https://i.imgur.com/e8fl03d.jpeg|https://i.imgur.com/xJ6rwXo.jpeg|https://i.imgur.com/LXiPCMP.jpeg|https://i.imgur.com/3FyoqEi.jpeg|https://i.imgur.com/mmRbioV.jpeg|https://i.imgur.com/ocj11Ht.jpeg|https://i.imgur.com/U90qtzx.jpeg|https://i.imgur.com/joXPzfp.jpeg|https://i.imgur.com/RPOU385.jpeg|https://i.imgur.com/PvVwoWK.jpeg|https://i.imgur.com/T9ZHemV.jpeg|https://i.imgur.com/eXjjyDw.jpeg|https://i.imgur.com/dgFTeMJ.jpeg|https://i.imgur.com/cedLQSa.jpeg|https://i.imgur.com/HX427jI.jpeg|https://i.imgur.com/VGgSpcA.jpeg|https://i.imgur.com/HBJ7Gs6.jpeg|https://i.imgur.com/y6I63k9.jpeg|https://i.imgur.com/gGUGQCf.jpeg|https://i.imgur.com/Hwc3EsC.jpeg|https://i.imgur.com/oiEl37D.jpeg|https://i.imgur.com/E5lEuEM.jpeg,
2001: A Space Odyssey,62,,,,,2.20/1,,https://i.imgur.com/DlmAmmZ.jpeg|https://i.imgur.com/Z39SGms.jpeg|https://i.imgur.com/TbjzgBT.jpeg|https://i.imgur.com/NU5ug4k.jpeg|https://i.imgur.com/i0JaXRf.jpeg|https://i.imgur.com/mw18POE.jpeg|https://i.imgur.com/ZF4S0m9.jpeg|https://i.imgur.com/Quu6GVF.jpeg|https://i.imgur.com/TNwtMaf.png|https://i.imgur.com/BRG7u9k.jpeg|https://i.imgur.com/7XLiwJ2.jpeg|https://i.imgur.com/h2GNHdK.jpeg|https://i.imgur.com/Rg0HUs1.jpeg|https://i.imgur.com/ShVydrE.jpeg|https://i.imgur.com/En4buiw.jpeg|https://i.imgur.com/bS1JFl6.jpeg|https://i.imgur.com/6p7ACsR.jpeg|https://i.imgur.com/tzXiUMt.jpeg|https://i.imgur.com/b5W2tIn.jpeg|https://i.imgur.com/QdBRUeF.jpeg|https://i.imgur.com/g0HK5KI.jpeg|https://i.imgur.com/C3VwX1e.jpeg|https://i.imgur.com/G1t9UJP.jpeg|https://i.imgur.com/67vv07A.jpeg|https://i.imgur.com/vwJXiSE.jpeg|https://i.imgur.com/nNsx64z.jpeg|https://i.imgur.com/3eQVj5P.jpeg|https://i.imgur.com/M1HvajR.jpeg|https://i.imgur.com/T40zGpG.jpeg|https://i.imgur.com/viCPVLF.jpeg|https://i.imgur.com/0VNh9Gh.jpeg|https://i.imgur.com/rHDiJgS.jpeg|https://i.imgur.com/o88Ew0O.jpeg|https://i.imgur.com/CRTwT02.jpeg|https://i.imgur.com/0UDH4dB.jpeg|https://i.imgur.com/qS43ozU.jpeg|https://i.imgur.com/co9iv4O.jpeg|https://i.imgur.com/HUwMkEi.jpeg|https://i.imgur.com/nb56cVo.jpeg|https://i.imgur.com/Iyd1huM.png|https://i.imgur.com/Btb5g22.jpeg|https://i.imgur.com/39osnar.jpeg|https://i.imgur.com/PKYpuWR.jpeg|https://i.imgur.com/If6tHzA.jpeg|https://i.imgur.com/cEY3Vrq.jpeg|https://i.imgur.com/uhE4iHv.jpeg|https://i.imgur.com/gGLMgdm.jpeg|https://i.imgur.com/Zba2q2y.jpeg,https://i.imgur.com/q8NnYVg.jpeg|https://i.imgur.com/qHSECe2.jpeg|https://i.imgur.com/OX9zcJ8.jpeg|https://i.imgur.com/E9Ssqf7.jpeg|https://i.imgur.com/uw3LptZ.jpeg|https://i.imgur.com/j9vLrLg.jpeg|https://i.imgur.com/izSurQx.jpeg|https://i.imgur.com/Pt3QByB.jpeg|https://i.imgur.com/WIPQePR.jpeg|https://i.imgur.com/UCfdh7x.jpeg|https://i.imgur.com/Jtngq0b.jpeg|https://i.imgur.com/g6NU43B.jpeg|https://i.imgur.com/GfJsi9E.jpeg|https://i.imgur.com/V0vFLxm.jpeg|https://i.imgur.com/Bi771W2.jpeg|https://i.imgur.com/WC1WNbz.jpeg|https://i.imgur.com/tkKiu90.jpeg|https://i.imgur.com/qc0NZnD.jpeg|https://i.imgur.com/ZcjPYh3.jpeg|https://i.imgur.com/d7x6WO3.jpeg|https://i.imgur.com/9FnVbp1.jpeg|https://i.imgur.com/apoDp6P.jpeg|https://i.imgur.com/XNFPtZD.jpeg|https://i.imgur.com/EsYlIC4.jpeg|https://i.imgur.com/GoH9gZU.jpeg|https://i.imgur.com/pSoqCqC.jpeg|https://i.imgur.com/MtCcMhd.jpeg|https://i.imgur.com/QR9ns4y.jpeg|https://i.imgur.com/t8SSGDb.jpeg|https://i.imgur.com/YAQlS3R.jpeg|https://i.imgur.com/UoE0dOC.jpeg|https://i.imgur.com/zN18MHY.jpeg|https://i.imgur.com/ylTitUW.jpeg|https://i.imgur.com/1TzSiLU.jpeg|https://i.imgur.com/Pv3ZvSl.jpeg|https://i.imgur.com/NpzvwaU.jpeg|https://i.imgur.com/Dp0iEzL.jpeg|https://i.imgur.com/cBg3Ogg.jpeg|https://i.imgur.com/JJ9IFLh.jpeg|https://i.imgur.com/z5XaiOc.jpeg|https://i.imgur.com/MMYqVtc.jpeg|https://i.imgur.com/zr4TZHe.jpeg|https://i.imgur.com/GS1AoEs.jpeg|https://i.imgur.com/8t3eT1r.jpeg|https://i.imgur.com/Ckh8Sps.jpeg|https://i.imgur.com/zLNDG6S.jpeg|https://i.imgur.com/HWJw8D5.jpeg|https://i.imgur.com/T6JcCdF.jpeg,
The Assassination of Jesse James,4512,,,,,2.4/1,https://i.imgur.com/VL6UBxx.jpeg,https://i.imgur.com/xeWj6km.png|https://i.imgur.com/ChZjSO0.png|https://i.imgur.com/vmP9TI7.png|https://i.imgur.com/toIy2Jn.png|https://i.imgur.com/CEyjHjD.png|https://i.imgur.com/LYBcZIe.png|https://i.imgur.com/vTekYlg.png|https://i.imgur.com/aD9GLf7.png|https://i.imgur.com/GqsHLVa.png|https://i.imgur.com/a8X4yKX.png|https://i.imgur.com/DyQG1x5.png|https://i.imgur.com/NVeaGEG.png|https://i.imgur.com/kINgKEF.png|https://i.imgur.com/pDBoo3A.png|https://i.imgur.com/52GXJgZ.png|https://i.imgur.com/WR6H9bu.png|https://i.imgur.com/bwo6ee0.png|https://i.imgur.com/9Nh2aBh.png|https://i.imgur.com/LefXMVo.png|https://i.imgur.com/q7fkKAH.png|https://i.imgur.com/5PxfWnM.png|https://i.imgur.com/v5hGIZo.png|https://i.imgur.com/fLjrOJb.png|https://i.imgur.com/r4tC7dS.png|https://i.imgur.com/kCQDzTB.png|https://i.imgur.com/vdwfue6.png|https://i.imgur.com/kCcnOmb.png|https://i.imgur.com/myH5waz.png|https://i.imgur.com/o5OnU1Z.png|https://i.imgur.com/ek4QjFf.png|https://i.imgur.com/QGbd6Ef.png|https://i.imgur.com/nLs9TA9.png,https://i.imgur.com/zMzXS6B.jpeg|https://i.imgur.com/KgAQqdL.jpeg|https://i.imgur.com/c80rjuw.jpeg|https://i.imgur.com/MhJYp0O.jpeg|https://i.imgur.com/Cw5KJ7v.jpeg|https://i.imgur.com/bxtslJs.jpeg|https://i.imgur.com/vKnGdxX.jpeg|https://i.imgur.com/Ve1dfxN.jpeg|https://i.imgur.com/EyepL7K.jpeg|https://i.imgur.com/Wijw8LE.jpeg|https://i.imgur.com/wV04Cfb.jpeg|https://i.imgur.com/5rj7FG9.jpeg|https://i.imgur.com/4QPCmZ0.jpeg|https://i.imgur.com/nK8XtGe.jpeg|https://i.imgur.com/E7tAzAq.jpeg|https://i.imgur.com/mqAAetv.jpeg|https://i.imgur.com/Ox9Pq98.jpeg|https://i.imgur.com/KPXULSq.jpeg|https://i.imgur.com/IvaTUPh.jpeg|https://i.imgur.com/Uweczfw.jpeg|https://i.imgur.com/zPQI3eb.jpeg|https://i.imgur.com/vjHfyjq.jpeg|https://i.imgur.com/V6AOK8w.jpeg|https://i.imgur.com/tg6ot2F.jpeg|https://i.imgur.com/xuSi9Hv.jpeg|https://i.imgur.com/PKOK0w4.jpeg|https://i.imgur.com/uZhyDio.jpeg|https://i.imgur.com/OBCrJdd.jpeg|https://i.imgur.com/8NDeqcU.jpeg|https://i.imgur.com/w6ThH0D.jpeg|https://i.imgur.com/ujfL6mu.jpeg|https://i.imgur.com/RfpgObC.jpeg,
Frankenstein,1062722,,,,,1.85/1,https://i.imgur.com/G23QVKv.png,https://i.imgur.com/Tplk6jH.jpeg|https://i.imgur.com/5dJm5cK.jpeg|https://i.imgur.com/QFoYlen.jpeg|https://i.imgur.com/xhvlPCn.jpeg|https://i.imgur.com/k9AVxT7.jpeg|https://i.imgur.com/d1uPxCr.jpeg|https://i.imgur.com/dUxIM6o.jpeg|https://i.imgur.com/DxEZIeZ.jpeg|https://i.imgur.com/ILxnBVc.jpeg|https://i.imgur.com/47a6oh8.jpeg|https://i.imgur.com/n4LBC78.jpeg|https://i.imgur.com/Z9YWtgB.jpeg|https://i.imgur.com/Rw3GHsv.jpeg|https://i.imgur.com/Dp0vEkm.jpeg|https://i.imgur.com/Xew7krn.jpeg|https://i.imgur.com/Ll7t3m2.jpeg|https://i.imgur.com/Q2daC8r.jpeg|https://i.imgur.com/yYKUyzc.jpeg|https://i.imgur.com/flP8tJa.jpeg|https://i.imgur.com/CNRUeA9.jpeg|https://i.imgur.com/XsSVgcd.jpeg|https://i.imgur.com/6vOfhhW.jpeg|https://i.imgur.com/7CiNCSn.jpeg|https://i.imgur.com/CsAs89z.jpeg|https://i.imgur.com/cdUqOEQ.jpeg|https://i.imgur.com/hKI6kTR.jpeg|https://i.imgur.com/M2KqZwD.jpeg|https://i.imgur.com/vxE3vok.jpeg|https://i.imgur.com/L7jPkEf.jpeg|https://i.imgur.com/JMEdYvQ.jpeg|https://i.imgur.com/2bEnIcw.jpeg|https://i.imgur.com/cxkUVoQ.png|https://i.imgur.com/wWFk3d6.png|https://i.imgur.com/ij4KRLY.jpeg|https://i.imgur.com/kZ4BV3c.jpeg|https://i.imgur.com/S6GLHhu.jpeg,https://i.imgur.com/wqJqazg.jpeg|https://i.imgur.com/JE8pUfh.jpeg|https://i.imgur.com/WkjpMxQ.jpeg|https://i.imgur.com/pyD9VNG.jpeg|https://i.imgur.com/2J8ZL9Y.jpeg|https://i.imgur.com/q7VVHA7.jpeg|https://i.imgur.com/zSCFhb3.jpeg|https://i.imgur.com/LunphNk.jpeg|https://i.imgur.com/chNQWr8.jpeg|https://i.imgur.com/9ArDlnM.jpeg|https://i.imgur.com/vfXd3lx.jpeg|https://i.imgur.com/fJIHqsM.jpeg|https://i.imgur.com/41Cojqh.jpeg|https://i.imgur.com/xUuQ8Hi.jpeg|https://i.imgur.com/vbIXglQ.jpeg|https://i.imgur.com/x9pMTFg.jpeg|https://i.imgur.com/HKIKH6h.jpeg|https://i.imgur.com/8sLY3EU.jpeg|https://i.imgur.com/dvNz2WB.jpeg|https://i.imgur.com/diUTeAg.jpeg|https://i.imgur.com/gjE2E2E.jpeg|https://i.imgur.com/mB3ewwI.jpeg|https://i.imgur.com/TYsMAPn.jpeg|https://i.imgur.com/NfEBU2D.jpeg|https://i.imgur.com/4NY7BeG.jpeg|https://i.imgur.com/Ks3owCz.jpeg|https://i.imgur.com/wZco79J.jpeg|https://i.imgur.com/HLLlMtK.jpeg|https://i.imgur.com/urjfAsf.jpeg|https://i.imgur.com/aASMTJK.jpeg|https://i.imgur.com/5pyHdIS.jpeg|https://i.imgur.com/JzV3vW4.jpeg|https://i.imgur.com/X1nnt8A.jpeg|https://i.imgur.com/GkWJjX6.jpeg|https://i.imgur.com/pu69uka.jpeg|https://i.imgur.com/yJPxC2n.jpeg,
Apocalypse Now,28,,,,,2.39/1,https://i.imgur.com/vXpiuKI.png,https://i.imgur.com/8mAY0jL.jpeg|https://i.imgur.com/ZoZv3cc.jpeg|https://i.imgur.com/GF0k2hF.jpeg|https://i.imgur.com/DoyrlL5.jpeg|https://i.imgur.com/R5HJJq4.jpeg|https://i.imgur.com/ptbuI35.jpeg|https://i.imgur.com/eiJbNWj.jpeg|https://i.imgur.com/gEsH9b8.jpeg|https://i.imgur.com/00y9281.jpeg|https://i.imgur.com/9YOQgDW.jpeg|https://i.imgur.com/AVK01jk.jpeg|https://i.imgur.com/jdskUzw.jpeg|https://i.imgur.com/jWBgpx5.jpeg|https://i.imgur.com/rRMTbZc.jpeg|https://i.imgur.com/N3zPFev.jpeg|https://i.imgur.com/KuFTY5W.jpeg|https://i.imgur.com/bVL7xgm.jpeg|https://i.imgur.com/na5rmC9.jpeg|https://i.imgur.com/tstDVBb.jpeg|https://i.imgur.com/wpAefN3.jpeg|https://i.imgur.com/AxiBM4t.jpeg|https://i.imgur.com/wqnCz9x.jpeg|https://i.imgur.com/qBdfVr1.jpeg|https://i.imgur.com/1GrfqZJ.jpeg|https://i.imgur.com/yzzOxY5.jpeg|https://i.imgur.com/DfCT1tx.jpeg|https://i.imgur.com/fppkdJt.jpeg|https://i.imgur.com/U2femgr.jpeg|https://i.imgur.com/PuIU1OW.jpeg|https://i.imgur.com/cfrSJJi.jpeg|https://i.imgur.com/codYL92.jpeg|https://i.imgur.com/6Praj9d.jpeg|https://i.imgur.com/6nmtQh4.jpeg|https://i.imgur.com/V5GpwBF.jpeg|https://i.imgur.com/dVkbvJP.jpeg|https://i.imgur.com/eMQv4rp.jpeg,https://i.imgur.com/8hVnOsX.jpeg|https://i.imgur.com/ZPqvKjg.jpeg|https://i.imgur.com/uxyiyNT.jpeg|https://i.imgur.com/Q2oQuiE.jpeg|https://i.imgur.com/zwYNasI.jpeg|https://i.imgur.com/jbC9p6W.jpeg|https://i.imgur.com/VASPFXK.jpeg|https://i.imgur.com/qlC5fIq.jpeg|https://i.imgur.com/aDPtvyI.jpeg|https://i.imgur.com/IK0iKJ0.jpeg|https://i.imgur.com/Lsdx1KT.jpeg|https://i.imgur.com/gF6DFel.jpeg|https://i.imgur.com/7bo2AEP.jpeg|https://i.imgur.com/KcsswHQ.jpeg|https://i.imgur.com/iZiNTFE.jpeg|https://i.imgur.com/5Z8IJ9p.jpeg|https://i.imgur.com/DAwdQSv.jpeg|https://i.imgur.com/fh9a3fK.jpeg|https://i.imgur.com/6vWbTRj.jpeg|https://i.imgur.com/lMqf9wK.jpeg|https://i.imgur.com/WDFmwot.jpeg|https://i.imgur.com/BOD6g7w.jpeg|https://i.imgur.com/G4z99Ue.jpeg|https://i.imgur.com/kMnl7mW.jpeg|https://i.imgur.com/bOFDC2l.jpeg|https://i.imgur.com/S3pnck4.jpeg|https://i.imgur.com/lTfzOmA.jpeg|https://i.imgur.com/Pg6e94J.jpeg|https://i.imgur.com/0KnJVes.jpeg|https://i.imgur.com/v0drDpD.jpeg|https://i.imgur.com/ddQ90TL.jpeg|https://i.imgur.com/duYtacb.jpeg|https://i.imgur.com/S86YYQS.jpeg|https://i.imgur.com/ImCaf2K.jpeg|https://i.imgur.com/u2PcDNB.jpeg|https://i.imgur.com/Dj5fgwH.jpeg,
The Holdovers,840430,,,,,1.66/1,https://i.imgur.com/RjM6XOR.jpeg,https://i.imgur.com/kjnKxbk.png|https://i.imgur.com/QFvbiBa.png|https://i.imgur.com/sjzIpaP.png|https://i.imgur.com/5mttQtC.png|https://i.imgur.com/Lm9WPqT.png|https://i.imgur.com/ZySG70U.png|https://i.imgur.com/FcNrWEe.png|https://i.imgur.com/ysCMSYa.png|https://i.imgur.com/jLH1zlg.png|https://i.imgur.com/XUjSKA3.png|https://i.imgur.com/k7pQ646.png|https://i.imgur.com/KG94PKk.png|https://i.imgur.com/pG89f7a.png|https://i.imgur.com/5YZjG5a.png|https://i.imgur.com/yurJZN4.png|https://i.imgur.com/bI2uv6U.png|https://i.imgur.com/Cg4lact.png|https://i.imgur.com/Hef5189.png|https://i.imgur.com/sF7PMCP.png|https://i.imgur.com/N8PbMrh.png|https://i.imgur.com/7LZFVdq.png|https://i.imgur.com/3aV3Tha.png|https://i.imgur.com/aQeDNrO.png|https://i.imgur.com/hG3nW7X.png|https://i.imgur.com/FrJMsxH.png|https://i.imgur.com/pRS04un.png|https://i.imgur.com/IkDGQGd.png|https://i.imgur.com/8OsiBDh.png|https://i.imgur.com/Sa0eqvf.png|https://i.imgur.com/1sEP4vN.png|https://i.imgur.com/7UupgtO.png|https://i.imgur.com/gq7DFb5.png|https://i.imgur.com/KM2Wpdl.png|https://i.imgur.com/jlhgCh8.png|https://i.imgur.com/Uek9z9k.png|https://i.imgur.com/rUEgRAn.png,https://i.imgur.com/kjnKxbkm.png|https://i.imgur.com/QFvbiBam.png|https://i.imgur.com/sjzIpaPm.png|https://i.imgur.com/5mttQtCm.png|https://i.imgur.com/Lm9WPqTm.png|https://i.imgur.com/ZySG70Um.png|https://i.imgur.com/FcNrWEem.png|https://i.imgur.com/ysCMSYam.png|https://i.imgur.com/jLH1zlgm.png|https://i.imgur.com/XUjSKA3m.png|https://i.imgur.com/k7pQ646m.png|https://i.imgur.com/KG94PKkm.png|https://i.imgur.com/pG89f7am.png|https://i.imgur.com/5YZjG5am.png|https://i.imgur.com/yurJZN4m.png|https://i.imgur.com/bI2uv6Um.png|https://i.imgur.com/Cg4lactm.png|https://i.imgur.com/Hef5189m.png|https://i.imgur.com/sF7PMCPm.png|https://i.imgur.com/N8PbMrhm.png|https://i.imgur.com/7LZFVdqm.png|https://i.imgur.com/3aV3Tham.png|https://i.imgur.com/aQeDNrOm.png|https://i.imgur.com/hG3nW7Xm.png|https://i.imgur.com/FrJMsxHm.png|https://i.imgur.com/pRS04unm.png|https://i.imgur.com/IkDGQGdm.png|https://i.imgur.com/8OsiBDhm.png|https://i.imgur.com/Sa0eqvfm.png|https://i.imgur.com/1sEP4vNm.png|https://i.imgur.com/7UupgtOm.png|https://i.imgur.com/gq7DFb5m.png|https://i.imgur.com/KM2Wpdlm.png|https://i.imgur.com/jlhgCh8m.png|https://i.imgur.com/Uek9z9km.png|https://i.imgur.com/rUEgRAnm.png,
OBAA,1054867,,,,,1.78/1,,https://i.imgur.com/0QQ1df7.jpeg|https://i.imgur.com/domWWWx.jpeg|https://i.imgur.com/wHAArpo.jpeg|https://i.imgur.com/2QmLEK5.jpeg|https://i.imgur.com/wcJzIMD.jpeg|https://i.imgur.com/vrSYznR.jpeg|https://i.imgur.com/VhCyWfb.jpeg|https://i.imgur.com/0Z5dGy6.jpeg|https://i.imgur.com/c7yw5ik.jpeg|https://i.imgur.com/8t1qy0I.jpeg|https://i.imgur.com/FtbbDXJ.jpeg|https://i.imgur.com/FkeJ2W0.jpeg|https://i.imgur.com/4OBChnO.jpeg|https://i.imgur.com/mqCMLH9.jpeg|https://i.imgur.com/OXVBxOv.jpeg|https://i.imgur.com/456oAKM.jpeg|https://i.imgur.com/jbBLZUC.jpeg|https://i.imgur.com/3fSFZe8.jpeg|https://i.imgur.com/1JzPagh.jpeg|https://i.imgur.com/qcrnoae.jpeg|https://i.imgur.com/cxsDKPh.jpeg|https://i.imgur.com/jKzcHYA.jpeg|https://i.imgur.com/02zj0ZN.jpeg|https://i.imgur.com/39DVoLx.jpeg|https://i.imgur.com/PZMrODc.jpeg|https://i.imgur.com/af4Lq8V.png|https://i.imgur.com/dlmZw1U.jpeg|https://i.imgur.com/4u20RVS.jpeg|https://i.imgur.com/Sr82dOS.jpeg|https://i.imgur.com/Hu6YlBw.jpeg|https://i.imgur.com/Ov0dvA2.jpeg|https://i.imgur.com/Cbap12d.jpeg|https://i.imgur.com/Uz9D95d.jpeg|https://i.imgur.com/E6amYJ5.jpeg|https://i.imgur.com/u2mPYmJ.jpeg|https://i.imgur.com/beF5qOT.jpeg|https://i.imgur.com/7EtBePE.jpeg|https://i.imgur.com/OeNaMPa.jpeg|https://i.imgur.com/34xiPGf.jpeg|https://i.imgur.com/TGDFMGV.jpeg|https://i.imgur.com/CAFRJ1g.jpeg|https://i.imgur.com/jd3Zaei.jpeg|https://i.imgur.com/xUPzRgt.jpeg|https://i.imgur.com/fV9gzjM.jpeg|https://i.imgur.com/VLzkj6C.jpeg|https://i.imgur.com/dqtY27a.jpeg|https://i.imgur.com/47YLEgq.jpeg|https://i.imgur.com/vQATJXC.jpeg,https://i.imgur.com/0QQ1df7m.jpeg|https://i.imgur.com/domWWWxm.jpeg|https://i.imgur.com/wHAArpom.jpeg|https://i.imgur.com/2QmLEK5m.jpeg|https://i.imgur.com/wcJzIMDm.jpeg|https://i.imgur.com/vrSYznRm.jpeg|https://i.imgur.com/VhCyWfbm.jpeg|https://i.imgur.com/0Z5dGy6m.jpeg|https://i.imgur.com/c7yw5ikm.jpeg|https://i.imgur.com/8t1qy0Im.jpeg|https://i.imgur.com/FtbbDXJm.jpeg|https://i.imgur.com/FkeJ2W0m.jpeg|https://i.imgur.com/4OBChnOm.jpeg|https://i.imgur.com/mqCMLH9m.jpeg|https://i.imgur.com/OXVBxOvm.jpeg|https://i.imgur.com/456oAKMm.jpeg|https://i.imgur.com/jbBLZUCm.jpeg|https://i.imgur.com/3fSFZe8m.jpeg|https://i.imgur.com/1JzPaghm.jpeg|https://i.imgur.com/qcrnoaem.jpeg|https://i.imgur.com/cxsDKPhm.jpeg|https://i.imgur.com/jKzcHYAm.jpeg|https://i.imgur.com/02zj0ZNm.jpeg|https://i.imgur.com/39DVoLxm.jpeg|https://i.imgur.com/PZMrODcm.jpeg|https://i.imgur.com/af4Lq8Vm.png|https://i.imgur.com/dlmZw1Um.jpeg|https://i.imgur.com/4u20RVSm.jpeg|https://i.imgur.com/Sr82dOSm.jpeg|https://i.imgur.com/Hu6YlBwm.jpeg|https://i.imgur.com/Ov0dvA2m.jpeg|https://i.imgur.com/Cbap12dm.jpeg|https://i.imgur.com/Uz9D95dm.jpeg|https://i.imgur.com/E6amYJ5m.jpeg|https://i.imgur.com/u2mPYmJm.jpeg|https://i.imgur.com/beF5qOTm.jpeg|https://i.imgur.com/7EtBePEm.jpeg|https://i.imgur.com/OeNaMPam.jpeg|https://i.imgur.com/34xiPGfm.jpeg|https://i.imgur.com/TGDFMGVm.jpeg|https://i.imgur.com/CAFRJ1gm.jpeg|https://i.imgur.com/jd3Zaeim.jpeg|https://i.imgur.com/xUPzRgtm.jpeg|https://i.imgur.com/fV9gzjMm.jpeg|https://i.imgur.com/VLzkj6Cm.jpeg|https://i.imgur.com/dqtY27am.jpeg|https://i.imgur.com/47YLEgqm.jpeg|https://i.imgur.com/vQATJXCm.jpeg,3,
The Lighthouse,503919,,,,,1.19/1,,https://i.imgur.com/QlNSxyI.png|https://i.imgur.com/l6FCXXA.png|https://i.imgur.com/1gDqIf9.png|https://i.imgur.com/iVJzFkT.png|https://i.imgur.com/p0EWrLN.png|https://i.imgur.com/1GkBofV.png|https://i.imgur.com/PlV5NgA.png|https://i.imgur.com/bYIwyB1.png|https://i.imgur.com/DFaquA9.png|https://i.imgur.com/87Z4K2I.png|https://i.imgur.com/TNaKbaU.png|https://i.imgur.com/etxzifd.png|https://i.imgur.com/idBzEqH.png|https://i.imgur.com/cyTvLXh.png|https://i.imgur.com/eDBuCJp.png|https://i.imgur.com/DTw8EMi.png|https://i.imgur.com/6MxH5g1.png|https://i.imgur.com/IpVmaVh.png|https://i.imgur.com/yRNsoHs.png|https://i.imgur.com/WYFKsLh.png|https://i.imgur.com/7m0gk4A.png|https://i.imgur.com/I3zzgpw.png|https://i.imgur.com/MifWxvF.png|https://i.imgur.com/ebCb9sb.png|https://i.imgur.com/E90Qchb.png|https://i.imgur.com/bg3DMy4.png|https://i.imgur.com/gFjmY2H.png|https://i.imgur.com/2z0j3Yr.png|https://i.imgur.com/nh0XIVT.png|https://i.imgur.com/OnZxwp9.png|https://i.imgur.com/PlFSd5W.png|https://i.imgur.com/9FnLZ2b.png|https://i.imgur.com/VO4jOxg.png|https://i.imgur.com/4pwH7WT.png|https://i.imgur.com/BiRxr98.png|https://i.imgur.com/VIiXydY.png|https://i.imgur.com/vFk6m2r.png|https://i.imgur.com/b8KYISc.png|https://i.imgur.com/3IH53fl.png|https://i.imgur.com/Aks3DsG.png|https://i.imgur.com/LWKKMAN.png|https://i.imgur.com/oxn7yy2.png|https://i.imgur.com/rE1sb5g.png|https://i.imgur.com/PH2oheW.png|https://i.imgur.com/zO4ZKsN.png|https://i.imgur.com/FOG9xNz.png|https://i.imgur.com/WoiRk4m.png|https://i.imgur.com/oKHd7Mc.png,https://i.imgur.com/QlNSxyIm.png|https://i.imgur.com/l6FCXXAm.png|https://i.imgur.com/1gDqIf9m.png|https://i.imgur.com/iVJzFkTm.png|https://i.imgur.com/p0EWrLNm.png|https://i.imgur.com/1GkBofVm.png|https://i.imgur.com/PlV5NgAm.png|https://i.imgur.com/bYIwyB1m.png|https://i.imgur.com/DFaquA9m.png|https://i.imgur.com/87Z4K2Im.png|https://i.imgur.com/TNaKbaUm.png|https://i.imgur.com/etxzifdm.png|https://i.imgur.com/idBzEqHm.png|https://i.imgur.com/cyTvLXhm.png|https://i.imgur.com/eDBuCJpm.png|https://i.imgur.com/DTw8EMim.png|https://i.imgur.com/6MxH5g1m.png|https://i.imgur.com/IpVmaVhm.png|https://i.imgur.com/yRNsoHsm.png|https://i.imgur.com/WYFKsLhm.png|https://i.imgur.com/7m0gk4Am.png|https://i.imgur.com/I3zzgpwm.png|https://i.imgur.com/MifWxvFm.png|https://i.imgur.com/ebCb9sbm.png|https://i.imgur.com/E90Qchbm.png|https://i.imgur.com/bg3DMy4m.png|https://i.imgur.com/gFjmY2Hm.png|https://i.imgur.com/2z0j3Yrm.png|https://i.imgur.com/nh0XIVTm.png|https://i.imgur.com/OnZxwp9m.png|https://i.imgur.com/PlFSd5Wm.png|https://i.imgur.com/9FnLZ2bm.png|https://i.imgur.com/VO4jOxgm.png|https://i.imgur.com/4pwH7WTm.png|https://i.imgur.com/BiRxr98m.png|https://i.imgur.com/VIiXydYm.png|https://i.imgur.com/vFk6m2rm.png|https://i.imgur.com/b8KYIScm.png|https://i.imgur.com/3IH53flm.png|https://i.imgur.com/Aks3DsGm.png|https://i.imgur.com/LWKKMANm.png|https://i.imgur.com/oxn7yy2m.png|https://i.imgur.com/rE1sb5gm.png|https://i.imgur.com/PH2oheWm.png|https://i.imgur.com/zO4ZKsNm.png|https://i.imgur.com/FOG9xNzm.png|https://i.imgur.com/WoiRk4mm.png|https://i.imgur.com/oKHd7Mcm.png,2,